{"maxAvgSpeed":56303.276939162788,"maxNumTripsT":"22328","maxAvgDistance":12730.395904416215,"maxNumTripsF":"24324","maxAvgTipPercent":24.029099069271233,"maxAvgTip":9.0200000000000014,"maxAvgFare":58.280000000000001,"minAvgSpeed":1.0281278677793415,"minNumTripsT":"1","minAvgDistance":0.20097720478325856,"minNumTripsF":"1","minAvgTipPercent":0,"minAvgTip":0,"minAvgFare":4.5999999999999996}
